A_vibrant_island-themed_blog_image_for_an_article_about_motivation_and_taking_ac.jpg	https://cdn.shopify.com/s/files/1/0800/5514/0648/articles/A_vibrant_island-themed_blog_image_for_an_article_about_motivation_and_taking_action._The_image_should_feature_a_serene_tropical_beach_with_gentle_wa.jpg?v=1724867077
AI_is_Not_Weightless_v3.png	https://cdn.shopify.com/s/files/1/0800/5514/0648/articles/AI_is_Not_Weightless_v3.png?v=1780584803
A_serene_tropical_island_landscape_with_a_modern_twist_to_represent_a_remote_bus.jpg	https://cdn.shopify.com/s/files/1/0800/5514/0648/articles/A_serene_tropical_island_landscape_with_a_modern_twist_to_represent_a_remote_business._The_scene_includes_a_clear_blue_sky_pristine_beach_and_lush.jpg?v=1715279156
Island_bartender_AI_analysis_3_birds.jpg	https://cdn.shopify.com/s/files/1/0800/5514/0648/articles/Island_bartender_AI_analysis_3_birds.jpg?v=1711749452
IMG_8952_480x480.heic	https://cdn.shopify.com/s/files/1/0800/5514/0648/files/IMG_8952_480x480.heic?v=1733259328
Screenshot_2024-12-03_at_9.41.35_AM_480x480.png	https://cdn.shopify.com/s/files/1/0800/5514/0648/files/Screenshot_2024-12-03_at_9.41.35_AM_480x480.png?v=1733259222
IMG_9114_480x480.heic	https://cdn.shopify.com/s/files/1/0800/5514/0648/files/IMG_9114_480x480.heic?v=1733259313
IMG_9120_480x480.heic	https://cdn.shopify.com/s/files/1/0800/5514/0648/files/IMG_9120_480x480.heic?v=1733259294
DALL_E_2024-11-03_09.13.15_-_A_winter_wonderland_backdrop_with_a_snowy_forest_se.jpg	https://cdn.shopify.com/s/files/1/0800/5514/0648/files/DALL_E_2024-11-03_09.13.15_-_A_winter_wonderland_backdrop_with_a_snowy_forest_setting_featuring_frosted_pine_trees_with_twinkling_red_and_blue_lights_gentle_snowflakes_falling_480x480.jpg?v=1733259323
A_winter_wonderland_backdrop_with_a_snowy_forest_setting_featuring_the_scene_of_.jpg	https://cdn.shopify.com/s/files/1/0800/5514/0648/files/A_winter_wonderland_backdrop_with_a_snowy_forest_setting_featuring_the_scene_of_Jesus_in_the_manger_surrounded_by_animals_and_a_gentle_glow._Frosted_480x480.jpg?v=1733259203
Screenshot_2024-12-03_at_9.35.45_AM_480x480.png	https://cdn.shopify.com/s/files/1/0800/5514/0648/files/Screenshot_2024-12-03_at_9.35.45_AM_480x480.png?v=1733260240
Time_management_image_of_a_planner_on_the_beach_enjoying_the_soft_light_of_dawn.jpg	https://cdn.shopify.com/s/files/1/0800/5514/0648/articles/Time_management_image_of_a_planner_on_the_beach_enjoying_the_soft_light_of_dawn.jpg?v=1711640775
Resource_blog_A_modern_visually_appealing_illustration_representing_various_aspe.jpg	https://cdn.shopify.com/s/files/1/0800/5514/0648/articles/Resource_blog_A_modern_visually_appealing_illustration_representing_various_aspects_of_Artificial_Intelligence_in_a_square_format_without_any_text_or_labels._The.jpg?v=1730383050
RESOURCE_PAGE_A_modern_visually_appealing_illustration_representing_various_aspe.jpg	https://cdn.shopify.com/s/files/1/0800/5514/0648/files/RESOURCE_PAGE_A_modern_visually_appealing_illustration_representing_various_aspects_of_Artificial_Intelligence_without_any_text_or_labels._The_image_should_featur_480x480.jpg?v=1730382980
Rule_of_Thirds_A_high-quality_photograph_of_a_modern_Florida_home._The_house_fea.jpg	https://cdn.shopify.com/s/files/1/0800/5514/0648/files/Rule_of_Thirds_A_high-quality_photograph_of_a_modern_Florida_home._The_house_features_a_light_airy_design_with_large_windows_palm_trees_and_tropical_landscaping_a_480x480.jpg?v=1731609400
A_detailed_illustration_showing_a_lemon_being_transformed_into_lemonade_in_a_hor.jpg	https://cdn.shopify.com/s/files/1/0800/5514/0648/articles/A_detailed_illustration_showing_a_lemon_being_transformed_into_lemonade_in_a_horizontal_rectangle_format._The_image_should_depict_a_step-by-step_proce.jpg?v=1722351974
A_detailed_illustration_showing_a_lemon_being_transformed_into_lemonade._The_ima.jpg	https://cdn.shopify.com/s/files/1/0800/5514/0648/files/A_detailed_illustration_showing_a_lemon_being_transformed_into_lemonade._The_image_should_depict_a_step-by-step_process__a_whole_lemon_then_a_sliced_480x480.jpg?v=1722351900
Truth_and_Myths_blog_post_A_futuristic_and_dynamic_image_representing_Artificial.jpg	https://cdn.shopify.com/s/files/1/0800/5514/0648/files/Truth_and_Myths_blog_post_A_futuristic_and_dynamic_image_representing_Artificial_Intelligence_showing_a_combination_of_abstract_digital_elements_like_neural_networks_binary_c_480x480.jpg?v=1730397689
